-----------------------------------
-- Script to populate the database
-----------------------------------

insert into Pessoa values(255441289, 'Roberta', 'da Silva', 'Montenegro', '1995-12-03', TRUE);
insert into Pessoa values(509667454, 'Renata', 'Cavalcante', 'Matheus', '1994-04-11', TRUE);
insert into Pessoa values(358413047, 'Fernanda', 'Hueralda', 'Penteado', '1997-01-15', TRUE);
insert into Pessoa values(334761487, 'Alice', 'Min', 'Suzuki', '1992-01-18', TRUE);
insert into Pessoa values(112284395, 'Larissa', 'Strassen', 'da Silva', '1996-12-13', TRUE);
insert into Pessoa values(104058675, 'Sofia', 'Ferreira', 'Augusta', '1992-09-11', TRUE);
insert into Pessoa values(464851919, 'Milena', 'Carvalho', 'de Assis', '1995-01-22', TRUE);
insert into Pessoa values(384591619, 'Janaina', 'Antonio', 'Luz', '1993-01-11', TRUE);
insert into Pessoa values(120538611, 'Ana', 'Júlia', 'Neto', '1993-08-22', TRUE);
insert into Pessoa values(290962791, 'Débora', 'da Silva', 'Ribeiro', '1994-09-11', TRUE);
insert into Pessoa values(317978457, 'Shirley', 'Cavalcante', 'Ferreira', '1999-12-02', TRUE);
insert into Pessoa values(237849197, 'Ana', 'Carolina', 'Silveira', '2000-12-23', TRUE);
insert into Pessoa values(380516251, 'Jusileila', 'Castro', 'Leal', '2001-09-13', TRUE);
insert into Pessoa values(477676893, 'Marguerita', 'da Silva', 'Camargo', '2000-11-15', TRUE);
insert into Pessoa values(409584678, 'Maria', 'das Dores', 'Terceiro', '1999-10-11', TRUE);
insert into Pessoa values(497253355, 'Keyla1', 'Keyla2', 'Keyla3', '2000-11-10', TRUE);
insert into Pessoa values(171355246, 'Jusleine1', 'Jusleine2', 'Jusleine3', '1999-09-11', TRUE);
insert into Pessoa values(141804221, 'Michele1', 'Michele2', 'Michele3', '1998-06-20', TRUE);
insert into Pessoa values(443004766, 'Marisa1', 'Marisa2', 'Marisa3', '2002-05-21', TRUE);
insert into Pessoa values(335871732, 'Maria1', 'Maria2', 'Maria3', '1999-02-13', TRUE);

insert into Pessoa values(361846757, 'Hueraldo', 'Cavalcante', 'Ferreira', '2014-01-12', TRUE);
insert into Pessoa values(434810848, 'Hueraldo', 'Carolina', 'Silveira', '2015-03-10', TRUE);
insert into Pessoa values(202390469, 'Hueralda', 'Castro', 'Leal', '2016-09-3', TRUE);
insert into Pessoa values(330471491, 'Hueraldo', 'da Silva', 'Carmargo', '2016-08-30', TRUE);
insert into Pessoa values(307429921, 'Hueralda', 'Keyla2', 'Keyla3', '2015-07-09', TRUE);
insert into Pessoa values(449010818, 'Hueraldo', 'das Dores', 'Terceiro', '2017-12-21', TRUE);
insert into Pessoa values(441087383, 'Alonso', 'Jusleine1', 'Jusleine2', '2017-02-09', TRUE);
insert into Pessoa values(440276913, 'Alonso', 'Michele2', 'Michele3', '2016-12-29', TRUE);
insert into Pessoa values(251284712, 'Loucura', 'Jusleine2', 'Jusleine2', '2016-05-12', TRUE);
insert into Pessoa values(435071385, 'Alonso', 'Marisa2', 'Marisa3', '2016-03-29', TRUE);
insert into Pessoa values(375313898, 'Alonso', 'Maria2', 'Maria3', '2017-02-04', TRUE);
insert into Pessoa values(111111111, 'Lislaine', 'Hue', 'Wasd', '2011-03-04', TRUE);



insert into Adulta values(41140369628, 255441289, 'Rua Zero, 365');
insert into Adulta values(45346387951, 509667454, 'Rua A, 123');
insert into Adulta values(15072255808, 358413047, 'Rua B, 321');
insert into Adulta values(69347516554, 334761487, 'Rua C, 441' );
insert into Adulta values(18579646243, 112284395, 'Rua D, 321' );
insert into Adulta values(06827524108, 104058675, 'Rua E, 987');
insert into Adulta values(14856772201, 464851919, 'Rua F, 786');
insert into Adulta values(23012563750, 384591619, 'Avenida G, 956' );
insert into Adulta values(48781491166, 120538611, 'Rua H, 132' );
insert into Adulta values(07025713422, 290962791, 'Rua I, 232' );

insert into Adulta values(15487476969, 317978457, 'Rua AA, 232' );
insert into Adulta values(33956551486, 237849197, 'Rua AB, 123' );
insert into Adulta values(37564436719, 380516251, 'Rua AC, 321' );

insert into Adulta values(95424368581, 477676893, 'Rua AD, 322' );
insert into Adulta values(49923183122, 409584678, 'Rua AE, 123' );
insert into Adulta values(08546774102, 497253355, 'Rua AF, 321' );
insert into Adulta values(98761845396, 171355246, 'Rua AG, 32' );
insert into Adulta values(54740381869, 141804221, 'Rua AH, 2332' );
insert into Adulta values(81202744826, 443004766, 'Rua AI, 232' );
insert into Adulta values(28283685210, 335871732, 'Rua AJ, 232' );
insert into Adulta values(11111111111, 111111111, 'Rua AK, 232' );

insert into Enfermeira values(41140369628, 255441289, 'roberta@feelgood.com', 'Hospital Feel Good inc');
insert into Enfermeira values(45346387951, 509667454, 'renata@absdurbal.net', 'Hospital Absdurbal');
insert into Enfermeira values(15072255808, 358413047, 'fernanda@absdurbal.net', 'Hospital Absdurbal');
insert into Enfermeira values(69347516554, 334761487, 'alice@dores.com', 'Hospital das Dores');
insert into Enfermeira values(18579646243, 112284395, 'larissa@dores.com', 'Hospital das Dores');
insert into Enfermeira values(06827524108, 104058675, 'sofia@feelgood.com', 'Hospital Feel Good Inc');
insert into Enfermeira values(14856772201, 464851919, 'milena@dores.com', 'Hospital das Dores');
insert into Enfermeira values(23012563750, 384591619, 'ana@hospcancer.com', 'Hospital do Câncer');
insert into Enfermeira values(48781491166, 120538611, 'julia@hospcancer.com', 'Hospital do Câncer');
insert into Enfermeira values(07025713422, 290962791, 'debora@feelgood.com', 'Hospital Feel Good inc');
insert into Enfermeira values(11111111111, 111111111, 'lislaine@feelgood.com', 'Hospital Manda Chuva');


insert into Mae values(15487476969, 317978457, '2014-01-21', 'O pai tem hipertensão', 'Estresse', 'Miseráveis. A casa não tem registro', 'Primeira gravidez');
insert into Mae values(33956551486, 237849197, '2015-03-10', 'A mãe morreu de infarto', 'Depressiva', 'Pobres', 'Primeira gravidez');
insert into Mae values(37564436719, 380516251, '2016-09-07', 'Nenhum', 'Depressiva, não tem o suporte do pai da criança', 'Miseráveis', 'Segunda gravidez. Perdeu a primeira filha por complicações');
insert into Mae values(95424368581, 477676893, '2017-02-11', 'Os pais são aidéticos', 'Depressão', 'Miseráveis. A casa não tem registro', 'Primeira gravidez');
insert into Mae values(49923183122, 409584678, '2017-12-22', 'A mãe tem diabetes', 'Ansiedade', 'Miseráveis. A casa não tem registro', 'Primeira gravidez');
insert into Mae values(08546774102, 497253355, '2016-12-29', 'Nenhum', 'Síndrome do pânico', 'Pobres', 'Primeira gravidez');
insert into Mae values(98761845396, 171355246, '2016-05-12', 'Nenhum', 'Depressão', 'Pobres', 'Segunda gravidez');
insert into Mae values(54740381869, 141804221, '2017-01-04', 'A mãe tem hipertensão', 'Nervosismo', 'Miseráveis. Família sem renda', 'Terceira gravidez. Perdeu o primeiro filho');
insert into Mae values(81202744826, 443004766, '2016-03-29', 'Nenhum', 'Ela está nervosa com a gravidez', 'Pobres. O pai está invalidado', 'Primeira gravidez');
insert into Mae values(28283685210, 335871732, '2017-11-02', 'Nenhum', 'Nenhum', 'Pobres', 'Primeira gravidez');


insert into Vacina values(41, 'Tétano', 3, 1, 'oral', '0002-1-1');
insert into Vacina values(42, 'Hepatite B', 2, 1, 'intravenosa', '0003-1-1');
insert into Vacina values(43, 'Tetravalente', 4, 2, 'oral', '0005-1-1');
insert into Vacina values(44, 'Antipneumocócica', 1, 3, 'oral', '0001-1-1');
insert into Vacina values(45, 'Febre Amarela', 5, 1, 'intravenosa', '0003-1-1');
insert into Vacina values(46, 'Hepatite A', 2, 5, 'intravenosa', '0007-1-1');
insert into Vacina values(47, 'Rotavírus', 3, 1, 'oral', '0003-1-1');
insert into Vacina values(48, 'Tríplice Viral', 1, 2, 'oral', '0004-1-1');
insert into Vacina values(49, 'Influenza HPV', 4, 3, 'oral', '0001-1-1');
insert into Vacina values(50, 'VIP/VOP', 4, 1, 'oral', '0008-1-1');
insert into Vacina values(51, 'BCG' ,1, 2, 'oral', '0004-1-1');

insert into Toma values(41, 2, 317978457, 15487476969, 434810848, '2015-04-12');
insert into Toma values(44, 2, 317978457, 15487476969, 434810848, '2015-05-12');
insert into Toma values(45, 4, 477676893, 95424368581, 330471491, '2015-05-12');
insert into Toma values(46, 5, 409584678, 49923183122, 449010818, '2015-02-27');
insert into Toma values(47, 5, 409584678, 49923183122, 449010818, '2015-02-27');
insert into Toma values(48, 5, 409584678, 49923183122, 449010818, '2015-02-27');


insert into Crianca values(1, 361846757, 15487476969, 317978457, 'Nenhuma', '3.5Kg', 'cesária', FALSE, 'M', 'Branco', TRUE);
insert into Crianca values(2, 434810848, 33956551486, 237849197, 'Nenhuma', '3.1Kg', 'normal', FALSE, 'M', 'Negro', TRUE);
insert into Crianca values(3, 202390469, 37564436719, 380516251, 'Nenhuma', '3.9Kg', 'normal', TRUE, 'F', 'Pardo', TRUE);
insert into Crianca values(4, 330471491, 95424368581, 477676893, 'Nenhuma', '4.0Kg', 'normal', FALSE, 'M', 'Branco', TRUE);
insert into Crianca values(5, 449010818, 49923183122, 409584678, 'Nenhuma', '2.5Kg', 'normal', TRUE, 'F', 'Negro', TRUE);
insert into Crianca values(6, 307429921, 08546774102, 497253355, 'Nenhuma', '3.1Kg', 'normal', FALSE, 'M', 'Branco', TRUE);
insert into Crianca values(7, 441087383, 98761845396, 171355246, 'Nenhuma', '2.9Kg', 'cesária', FALSE, 'M', 'Pardo', TRUE);
insert into Crianca values(8, 440276913, 54740381869, 141804221, 'Nenhuma', '3.6Kg', 'normal', FALSE, 'M', 'Branco', TRUE);
insert into Crianca values(9, 251284712, 98761845396, 171355246, 'Nenhuma', '2.9Kg', 'cesária', FALSE, 'F', 'Pardo', FALSE);
insert into Crianca values(10, 435071385, 81202744826, 443004766, 'Nenhuma', '3.3Kg', 'normal', 'FALSE', 'M', 'Negro', TRUE);
insert into Crianca values(11, 375313898, 28283685210, 335871732, 'Nenhuma', '3.3Kg', 'normal', 'FALSE', 'M', 'Branco', TRUE);


insert into Tablet values(101, 'Galaxy Tab A T280', 'Samsung', '2014-03-10', 'muito bom');
insert into Tablet values(102, 'Motion Tab TR91', 'CCE', '2013-01-27', 'muito bom');
insert into Tablet values(103, 'Motion Tab TR91', 'CCE', '2013-07-11', 'regular');
insert into Tablet values(104, 'G Pad V700', 'LG', '2014-04-11', 'parcialmente quebrado');
insert into Tablet values(105, 'iPad mini 4', 'Apple', '2015-05-18', 'muito bom');
insert into Tablet values(106, 'iPad mini 4', 'Apple', '2016-02-09', 'muito bom');
insert into Tablet values(107, 'Galaxy Tab A T280', 'Samsung', '2014-02-09', 'conservado');
insert into Tablet values(108, 'T1075', 'Positivo', '2015-09-12', 'parcialmente quebrado');
insert into Tablet values(109, 'T1075', 'Positivo', '2015-09-12', 'parcialmente quebrado');
insert into Tablet values(110, 'Iconia Android', 'Acer', '2015-10-17', 'regular');


insert into Visita values(1, 15487476969, 317978457, 41140369628, 255441289, 1, 361846757, 103, '03:55:00', 8, 'Enfermeira muito atenciosa');
insert into Visita values(2, 15487476969, 317978457, 41140369628, 255441289, 1, 361846757, 103, '01:30:00', 8, 'Enfermeira muito atenciosa. A Mãe teve muito progresso');
insert into Visita values(3, 15487476969, 317978457, 41140369628, 255441289, 1, 361846757, 103, '00:55:00', 8, 'Qualquer coisa aleatória aqui');

insert into Visita values(10, 33956551486, 237849197, 45346387951, 509667454, 2, 434810848, 101, '03:55:00', 8, 'Enfermeira muito atenciosa');
insert into Visita values(11, 33956551486, 237849197, 45346387951, 509667454,2, 434810848, 101, '01:30:00', 8, 'Enfermeira muito atenciosa. A Mãe teve muito progresso');
insert into Visita values(12, 33956551486, 237849197, 45346387951, 509667454, 2, 434810848, 101, '00:55:00', 8, 'Qualquer coisa aleatória aqui');

insert into Visita values(20, 37564436719, 380516251, 15072255808, 358413047, 3, 202390469, 105, '03:55:00', 8, 'Enfermeira muito atenciosa');
insert into Visita values(21, 37564436719, 380516251, 15072255808, 358413047, 3, 202390469, 105, '00:30:00', 8, 'Enfermeira muito atenciosa. A Mãe teve muito progresso');

insert into Visita values(30, 95424368581, 477676893, 69347516554, 334761487, 4, 330471491, 102, '01:55:00', 3, 'Enfermeira pouco atenciosa');

insert into Visita values(40, 49923183122, 409584678, 18579646243, 112284395, 5, 449010818, 101, '02:10:00', 5, 'Enfermeira OK');

insert into Visita values(50, 08546774102, 497253355, 06827524108, 104058675, 6, 307429921, 106, '02:10:00', 5, 'Enfermeira OK');

insert into Visita values(60, 98761845396, 171355246, 14856772201, 464851919, 7, 441087383, 106, '02:10:00', 5, 'Enfermeira OK');
insert into Visita values(61, 98761845396, 171355246, 14856772201, 464851919, 7, 441087383, 106, '02:10:00', 5, 'Tudo muito bom');

insert into Visita values(70, 54740381869, 141804221, 07025713422, 290962791, 8, 440276913, 106, '02:10:00', 5, 'Enfermeira OK');

insert into Visita values(80, 98761845396, 171355246, 48781491166, 120538611, 9, 251284712, 104, '01:10:00', 5, 'Enfermeira OK');

insert into Visita values(90, 81202744826, 443004766, 48781491166, 120538611, 10, 435071385, 104, '01:10:00', 5, 'Enfermeira OK');

insert into Visita values(100, 15487476969, 317978457, 11111111111, 111111111, 1, 361846757, 104, '01:10:00', 5, 'Enfermeira OK');
insert into Visita values(101, 33956551486, 237849197, 11111111111, 111111111, 2, 434810848, 104, '01:10:00', 5, 'Enfermeira OK');
insert into Visita values(102, 37564436719, 380516251, 11111111111, 111111111, 3, 202390469, 104, '01:10:00', 5, 'Enfermeira OK');
insert into Visita values(103, 95424368581, 477676893, 11111111111, 111111111, 4, 330471491, 104, '01:10:00', 5, 'Enfermeira OK');
insert into Visita values(104, 49923183122, 409584678, 11111111111, 111111111, 5, 449010818, 104, '01:10:00', 5, 'Enfermeira OK');
insert into Visita values(105, 08546774102, 497253355, 11111111111, 111111111, 6, 307429921, 104, '01:10:00', 5, 'Enfermeira OK');
insert into Visita values(106, 98761845396, 171355246, 11111111111, 111111111, 7, 441087383, 104, '01:10:00', 5, 'Enfermeira OK');
insert into Visita values(107, 54740381869, 141804221, 11111111111, 111111111, 8, 440276913, 104, '01:10:00', 5, 'Enfermeira OK');
insert into Visita values(108, 98761845396, 171355246, 11111111111, 111111111, 9, 251284712, 104, '01:10:00', 5, 'Enfermeira OK');
insert into Visita values(109, 81202744826, 443004766, 11111111111, 111111111, 10, 435071385, 104, '01:10:00', 5, 'Enfermeira OK');
insert into Visita values(110, 28283685210, 335871732, 11111111111, 111111111, 11, 375313898, 104, '01:10:00', 5, 'Enfermeira OK');

insert into Relato values(201, '2014-01-22', 'A mãe sente fortes dores de cabeça', 'Analgésicos', TRUE, 5, 1, 'Arroz, Feijão, Carne', 'Nenhum', 5, 5, 5, 1, 15487476969, 317978457, 41140369628,255441289, 1, 361846757, 'A criança chora muito.');
insert into Relato values(202, '2014-02-22', 'Nenhum', 'Analgésicos', TRUE, 2, 0, 'Arroz, Feijão, Carne', 'Nenhum', 7, 6, 6, 2, 15487476969, 317978457, 41140369628, 255441289, 1,361846757, 'A criança chora muito.');
insert into Relato values(203, '2014-03-22', 'Nenhum', 'Nenhum', TRUE, 5, 1, 'Arroz, Feijão, Carne', 'Nenhum', 8, 8, 8, 3, 15487476969, 317978457, 41140369628, 255441289, 1, 361846757, 'A criança é muito sapeca.');

insert into Relato values(210, '2015-03-15', 'Nenhum', 'Nenhum', FALSE, 0, 5, 'Arroz, Feijão, Carne', 'Nenhum', 6, 5, 4, 10, 33956551486, 237849197, 45346387951, 509667454, 2, 434810848, 'A criança se queixa de dores no estômago.');
insert into Relato values(211, '2015-04-15', 'Nenhum', 'Nenhum', FALSE, 1, 0, 'Arroz, Feijão, Carne', 'Nenhum', 6, 5, 4, 11, 33956551486, 237849197, 45346387951, 509667454, 2, 434810848, 'A criança se queixa de dores no estômago.');
insert into Relato values(212, '2015-05-15', 'Nenhum', 'Nenhum', FALSE, 3, 0, 'Arroz, Feijão, Carne', 'Nenhum', 6, 5, 4, 12, 33956551486, 237849197, 45346387951, 509667454, 2, 434810848, 'A criança se queixa de dores no estômago.');

insert into Relato values(220, '2016-10-1', 'Nenhum', 'Nenhum', FALSE, 3, 0, 'Fritura', 'Nenhum', 6, 5, 4, 20, 37564436719, 380516251, 15072255808, 358413047, 3, 202390469, 'A criança se queixa de dores no estômago.');

insert into Relato values(240, '2016-10-1', 'Nenhum', 'Nenhum', FALSE, 3, 0, 'Carne', 'Nenhum', 6, 5, 4, 40, 49923183122, 409584678, 18579646243, 112284395, 5, 449010818, 'A criança é quieta de mais.');

insert into Relato values(250, '2016-03-01', 'Nenhum', 'Nenhum', FALSE, 3, 0, 'Carne', 'Nenhum', 6, 5, 4, 50, 08546774102, 497253355, 06827524108, 104058675, 6, 307429921, 'Hue.');

insert into Relato values(260, '2015-05-12', 'Nenhum', 'Nenhum', TRUE, 3, 0, 'Carne', 'Nenhum', 6, 5, 4, 60, 98761845396, 171355246, 14856772201, 464851919, 7, 441087383, 'Huehue.');


insert into Examina_mae values(1001, 15487476969, 317978457, 41140369628, 255441289,
'2016-03-23', 36.5, 70, 1.90, 1.2, 1, FALSE, FALSE, TRUE, FALSE, FALSE, FALSE, 'OK1' );
insert into Examina_mae values(1002, 15487476969, 317978457, 41140369628, 255441289,
'2016-04-23', 36.9, 68, 1.90, 1.2, 1, FALSE, FALSE, TRUE, FALSE, FALSE, FALSE, 'OK2' );

insert into Examina_mae values(1011, 33956551486, 237849197, 45346387951, 509667454,
'2016-03-23', 35.9, 64, 1.60, 1.2, 1, FALSE, FALSE, TRUE, FALSE, FALSE, FALSE, 'OK1' );
insert into Examina_mae values(1012, 33956551486, 237849197, 45346387951, 509667454,
'2016-04-23', 37.9, 69, 1.60, 1.2, 1, FALSE, FALSE, TRUE, FALSE, FALSE, FALSE, 'Febre' );

insert into Examina_mae values(1021, 37564436719, 380516251, 15072255808, 358413047,
'2016-03-23', 36.9, 90, 1.60, 1.2, 1, FALSE, FALSE, TRUE, FALSE, FALSE, FALSE, 'Acima do peso 1' );
insert into Examina_mae values(1022, 37564436719, 380516251, 15072255808, 358413047,
'2016-03-23', 36.7, 91, 1.60, 1.2, 1, FALSE, FALSE, TRUE, FALSE, FALSE, FALSE, 'Acima do peso 2' );


insert into Examina_mae values(1061, 98761845396, 171355246, 14856772201, 464851919,
'2016-05-23', 35.9, 80, 1.68, 1.2, 1, FALSE, FALSE, TRUE, FALSE, FALSE, FALSE, 'OK1' );
insert into Examina_mae values(1062, 98761845396, 171355246, 14856772201, 464851919,
'2016-06-23', 35.9, 80, 1.68, 1.2, 1, FALSE, FALSE, TRUE, FALSE, FALSE, FALSE, 'OK2' );

insert into Examina_mae values(1051, 08546774102, 497253355, 06827524108, 104058675,
'2016-07-23', 35.4, 50, 1.70, 1.2, 1, FALSE, FALSE, TRUE, FALSE, FALSE, FALSE, 'Abaixo do peso, Temperatura abaixo do normal.' );

insert into Examina_mae values(1081, 98761845396, 171355246, 48781491166, 120538611,
'2017-07-23', 39.4, 60, 1.70, 1.2, 1, FALSE, FALSE, TRUE, FALSE, TRUE, TRUE, 'Dengue.' );

insert into Examina_crianca values(2001, 1, 361846757, 41140369628, 255441289, 36.5, 7, 50, 3, TRUE, FALSE, 'Ok', FALSE, 'Ok', TRUE, 'Ok', 'Ok', 'limpo', 'torácica', '2016-03-23' );
insert into Examina_crianca values(2002, 1, 361846757, 41140369628, 255441289, 36.9, 7, 52, 3, TRUE, FALSE, 'Ok', FALSE, 'Ok', TRUE, 'Ok', 'Ok', 'limpo', 'torácica', '2016-04-23' );
insert into Examina_crianca values(2003, 1, 361846757, 41140369628, 255441289, 37.0, 7, 53, 3, TRUE, FALSE, 'Ok', FALSE, 'Ok', FALSE, 'Ok', 'Hue', 'limpo', 'torácica', '2016-05-23' );

insert into Examina_crianca values(2011, 2, 434810848, 45346387951, 509667454, 36.5, 15, 42, 3, TRUE, FALSE, 'Ok', FALSE, 'Ok', TRUE, 'Ok', 'Ok', 'limpo', 'torácica', '2015-03-23' );
insert into Examina_crianca values(2012, 2, 434810848, 45346387951, 509667454, 37.6, 15, 43, 3, TRUE, FALSE, 'Ok', FALSE, 'Ok', TRUE, 'Ok', 'Ok', 'limpo', 'torácica', '2015-03-23' );


insert into Examina_crianca values(2020, 3, 202390469, 15072255808, 358413047, 35.9, 18, 61, 4, TRUE, FALSE, 'Ok', FALSE, 'Ok', TRUE, 'Ok', 'Ok', 'limpo', 'abdominal', '2016-02-23' );
insert into Examina_crianca values(2040, 5, 449010818, 18579646243, 112284395, 37.1, 23, 44, 2, TRUE, FALSE, 'Ok', FALSE, 'Ok', TRUE, 'Ok', 'Ok', 'secretivo', 'abdominal', '2015-06-17' );

insert into Examina_crianca values(2060, 7, 441087383, 14856772201, 464851919, 36.3, 6, 50, 5, FALSE, TRUE, 'Abobrinha', FALSE, 'Ok', FALSE, 'agua', 'groselha', 'limpo', 'torácica', '2014-10-23' );
insert into Examina_crianca values(2061, 7, 441087383, 14856772201, 464851919, 36.8, 6, 51, 4, FALSE, FALSE, 'Abobrinha', FALSE, 'Ok', FALSE, 'groselha', 'agua', 'limpo', 'torácica', '2014-11-23' );

insert into Examina_crianca values(2080, 9, 251284712, 48781491166, 120538611, 37.0, 5, 63, 2, FALSE, FALSE, 'Ok', FALSE, 'Huehua', FALSE, 'Ok', 'agua', 'limpo', 'torácica', '2015-12-23' );





insert into Aparelho_medico values(10001, 3, 3, 'Raio X', 'E Corp', 'muito bom' );
insert into Aparelho_medico values(10002, 3, 3, 'Raio X', 'E Corp', 'muito bom' );
insert into Aparelho_medico values(10003, 3, 3, 'Raio X', 'E Corp', 'regular' );


insert into Aparelho_medico values(10011, 2, 2, 'Medidor de pressão', 'ACME', 'muito bom' );
insert into Aparelho_medico values(10012, 2, 2, 'Medidor de pressão', 'ACME', 'parcialmente quebrado');

insert into Aparelho_medico values(10021, 5, 5, 'Termômetro', 'Term SA', 'muito bom' );
insert into Aparelho_medico values(10022, 5, 5, 'Termômetro', 'Term SA', 'muito bom' );
insert into Aparelho_medico values(10023, 5, 5, 'Termômetro', 'Term SA', 'conservado' );
insert into Aparelho_medico values(10024, 5, 5, 'Termômetro', 'Term SA', 'conservado' );
insert into Aparelho_medico values(10025, 5, 5, 'Termômetro', 'Term SA', 'parcialmente quebrado');


insert into Aparelho_medico values(10031, 2, 2, 'Balança', 'Peso SA', 'muito bom' );
insert into Aparelho_medico values(10032, 2, 2, 'Balança', 'Peso SA', 'regular');


insert into Aparelho_medico values(10041, 1, 1, 'Fita métrica', 'Hue SA', 'regular');


insert into Telefone values(11, 9123456, 41140369628, 255441289);
insert into Telefone values(11, 9321233, 45346387951, 509667454 );
insert into Telefone values(11, 9323131, 15072255808, 358413047 );
insert into Telefone values(11, 9383235, 69347516554, 334761487 );
insert into Telefone values(11, 9324321, 18579646243, 112284395 );
insert into Telefone values(11, 9321358, 06827524108, 104058675 );
insert into Telefone values(11, 9873217, 14856772201, 464851919 );
insert into Telefone values(11, 3432132, 14856772201, 464851919 );
insert into Telefone values(11, 9738244, 23012563750, 384591619 );
insert into Telefone values(11, 9421321, 48781491166, 120538611 );
insert into Telefone values(11, 9321753, 07025713422, 290962791 );
insert into Telefone values(11, 3232135, 07025713422, 290962791 );



insert into Telefone values(11, 9321325, 15487476969, 317978457 );
insert into Telefone values(11, 9732754, 33956551486, 237849197 );
insert into Telefone values(11, 9230844, 37564436719, 380516251 );

insert into Telefone values(11, 9325332, 95424368581, 477676893 );
insert into Telefone values(11, 9375735, 49923183122, 409584678 );
insert into Telefone values(11, 9534331, 08546774102, 497253355 );
insert into Telefone values(11, 9589734, 98761845396, 171355246);
insert into Telefone values(11, 9373531, 54740381869, 141804221 );
insert into Telefone values(11, 9343214, 81202744826, 443004766 );
insert into Telefone values(11, 9532143, 28283685210, 335871732 );



insert into Visita_e_realizada values(1, 15487476969, 317978457, 41140369628, 255441289, 1, 361846757, '2014-01-22', '17:30');
insert into Visita_e_realizada values(2, 15487476969, 317978457, 41140369628, 255441289, 1, 361846757, '2014-02-22', '18:30' );
insert into Visita_e_realizada values(3, 15487476969, 317978457, 41140369628, 255441289, 1, 361846757, '2014-03-22', '17:30' );

insert into Visita_e_realizada values(10, 33956551486, 237849197, 45346387951, 509667454, 2, 434810848, '2015-03-15', '13:10');
insert into Visita_e_realizada values(11, 33956551486, 237849197, 45346387951, 509667454, 2, 434810848, '2015-04-15', '12:10');
insert into Visita_e_realizada values(12, 33956551486, 237849197, 45346387951, 509667454, 2, 434810848, '2015-05-15', '18:00');


insert into Visita_e_realizada values(20, 37564436719, 380516251, 15072255808, 358413047, 3, 202390469, '2016-10-1', '9:00' );
insert into Visita_e_realizada values(21, 37564436719, 380516251, 15072255808, 358413047, 3, 202390469, '2016-10-1', '9:00' );


insert into Visita_e_realizada values(30, 95424368581, 477676893, 69347516554, 334761487, 4, 330471491, '2016-09-19');

insert into Visita_e_realizada values(40, 49923183122, 409584678, 18579646243, 112284395, 5, 449010818, '2016-10-01', '12:00');
insert into Visita_e_realizada values(50, 08546774102, 497253355, 06827524108, 104058675, 6, 307429921, '2016-03-01', '10:00' );

insert into Visita_e_realizada values(60, 98761845396, 171355246, 14856772201, 464851919, 7, 441087383, '2015-05-12', '09:00');
insert into Visita_e_realizada values(61, 98761845396, 171355246, 14856772201, 464851919, 7, 441087383, '2015-05-12', '10:00');


insert into Visita_e_realizada values(70, 54740381869, 141804221, 07025713422, 290962791, 8, 440276913, '2016-03-22', '10:00');


insert into Visita_e_realizada values(80, 98761845396, 171355246, 48781491166, 120538611, 9, 251284712, '2017-02-10', '10:00');

insert into Visita_e_realizada values(90, 81202744826, 443004766, 48781491166, 120538611, 10, 435071385, '2015-02-10', '10:00');

insert into Visita_e_realizada values(100, 15487476969, 317978457, 11111111111, 111111111, 1, 361846757, '2017-09-10', '00:00');
insert into Visita_e_realizada values(101, 33956551486, 237849197, 11111111111, 111111111, 2, 434810848, '2017-09-10', '00:00');
insert into Visita_e_realizada values(102, 37564436719, 380516251, 11111111111, 111111111, 3, 202390469, '2017-09-10', '00:00');
insert into Visita_e_realizada values(103, 95424368581, 477676893, 11111111111, 111111111, 4, 330471491, '2017-09-10', '00:00');
insert into Visita_e_realizada values(104, 49923183122, 409584678, 11111111111, 111111111, 5, 449010818, '2017-09-10', '00:00');
insert into Visita_e_realizada values(104, 49923183122, 409584678, 11111111111, 111111111, 5, 449010818, '2017-09-10', '00:00');
insert into Visita_e_realizada values(105, 08546774102, 497253355, 11111111111, 111111111, 6, 307429921, '2017-09-10', '00:00');
insert into Visita_e_realizada values(106, 98761845396, 171355246, 11111111111, 111111111, 7, 441087383, '2017-09-10', '00:00');
insert into Visita_e_realizada values(107, 54740381869, 141804221, 11111111111, 111111111, 8, 440276913, '2017-09-10', '00:00');
insert into Visita_e_realizada values(108, 98761845396, 171355246, 11111111111, 111111111, 9, 251284712, '2017-09-10', '00:00');
insert into Visita_e_realizada values(109, 81202744826, 443004766, 11111111111, 111111111, 10, 435071385, '2017-09-10', '00:00');
insert into Visita_e_realizada values(110, 28283685210, 335871732, 11111111111, 111111111, 11, 375313898, '2017-09-10', '00:00');


insert into Examina_crianca_pode_usar values(2001, 1, 361846757, 41140369628, 255441289, 10011);
insert into Examina_crianca_pode_usar values(2003, 1, 361846757, 41140369628, 255441289, 10022);
insert into Examina_crianca_pode_usar values(2012, 2, 434810848, 45346387951, 509667454, 10031);
insert into Examina_crianca_pode_usar values(2020, 3, 202390469, 15072255808, 358413047, 10041);
insert into Examina_crianca_pode_usar values(2040, 5, 449010818, 18579646243, 112284395, 10024);
insert into Examina_crianca_pode_usar values(2080, 9, 251284712, 48781491166, 120538611, 10011);

insert into Examina_mae_pode_usar values(1001, 15487476969, 317978457, 41140369628, 255441289, 10023);
insert into Examina_mae_pode_usar values(1002, 15487476969, 317978457, 41140369628, 255441289, 10011);

insert into Examina_mae_pode_usar values(1081, 98761845396, 171355246, 48781491166, 120538611, 10041 );

insert into Examina_mae_pode_usar values(1022, 37564436719, 380516251, 15072255808, 358413047, 10031);



